name,email,phone
User 1,user1@example.com,1000000000
User 2,user2@example.com,1000000001
User 3,user3@example.com,1000000002
User 4,user4@example.com,1000000003
User 5,user5@example.com,1000000004
User 6,user6@example.com,1000000005
User 7,user7@example.com,1000000006
User 8,user8@example.com,1000000007
User 9,user9@example.com,1000000008
User 10,user10@example.com,1000000009
User 11,user11@example.com,1000000010
User 12,user12@example.com,1000000011
User 13,user13@example.com,1000000012
User 14,user14@example.com,1000000013
User 15,user15@example.com,1000000014
User 16,user16@example.com,1000000015
User 17,user17@example.com,1000000016
User 18,user18@example.com,1000000017
User 19,user19@example.com,1000000018
User 20,user20@example.com,1000000019
User 21,user21@example.com,1000000020
User 22,user22@example.com,1000000021
User 23,user23@example.com,1000000022
User 24,user24@example.com,1000000023
User 25,user25@example.com,1000000024
User 26,user26@example.com,1000000025
User 27,user27@example.com,1000000026
User 28,user28@example.com,1000000027
User 29,user29@example.com,1000000028
User 30,user30@example.com,1000000029
User 31,user31@example.com,1000000030
User 32,user32@example.com,1000000031
User 33,user33@example.com,1000000032
User 34,user34@example.com,1000000033
User 35,user35@example.com,1000000034
User 36,user36@example.com,1000000035
User 37,user37@example.com,1000000036
User 38,user38@example.com,1000000037
User 39,user39@example.com,1000000038
User 40,user40@example.com,1000000039
User 41,user41@example.com,1000000040
User 42,user42@example.com,1000000041
User 43,user43@example.com,1000000042
User 44,user44@example.com,1000000043
User 45,user45@example.com,1000000044
User 46,user46@example.com,1000000045
User 47,user47@example.com,1000000046
User 48,user48@example.com,1000000047
User 49,user49@example.com,1000000048
User 50,user50@example.com,1000000049
User 51,user51@example.com,1000000050
User 52,user52@example.com,1000000051
User 53,user53@example.com,1000000052
User 54,user54@example.com,1000000053
User 55,user55@example.com,1000000054
User 56,user56@example.com,1000000055
User 57,user57@example.com,1000000056
User 58,user58@example.com,1000000057
User 59,user59@example.com,1000000058
User 60,user60@example.com,1000000059
User 61,user61@example.com,1000000060
User 62,user62@example.com,1000000061
User 63,user63@example.com,1000000062
User 64,user64@example.com,1000000063
User 65,user65@example.com,1000000064
User 66,user66@example.com,1000000065
User 67,user67@example.com,1000000066
User 68,user68@example.com,1000000067
User 69,user69@example.com,1000000068
User 70,user70@example.com,1000000069
User 71,user71@example.com,1000000070
User 72,user72@example.com,1000000071
User 73,user73@example.com,1000000072
User 74,user74@example.com,1000000073
User 75,user75@example.com,1000000074
User 76,user76@example.com,1000000075
User 77,user77@example.com,1000000076
User 78,user78@example.com,1000000077
User 79,user79@example.com,1000000078
User 80,user80@example.com,1000000079
User 81,user81@example.com,1000000080
User 82,user82@example.com,1000000081
User 83,user83@example.com,1000000082
User 84,user84@example.com,1000000083
User 85,user85@example.com,1000000084
User 86,user86@example.com,1000000085
User 87,user87@example.com,1000000086
User 88,user88@example.com,1000000087
User 89,user89@example.com,1000000088
User 90,user90@example.com,1000000089
User 91,user91@example.com,1000000090
User 92,user92@example.com,1000000091
User 93,user93@example.com,1000000092
User 94,user94@example.com,1000000093
User 95,user95@example.com,1000000094
User 96,user96@example.com,1000000095
User 97,user97@example.com,1000000096
User 98,user98@example.com,1000000097
User 99,user99@example.com,1000000098
User 100,user100@example.com,1000000099
